seller_id,seller_zip_code_prefix,seller_city,seller_state
c0f3eea2e14555b6faeea3dd58c1b1c3,4195,sao paulo,SP
1b938a7ec6ac5061a66a3766e0e75f90,16304,penapolis,SP
768a86e36ad6aae3d03ee3c6433d61df,1529,sao paulo,SP
ccc4bbb5f32a6ab2b7066a4130f114e3,80310,curitiba,PR
8bd0f31cf0a614c658f6763bd02dea69,1222,sao paulo,SP
05a48cc8859962767935ab9087417fbb,5372,sao paulo,SP
f7496d659ca9fdaf323c0aae84176632,4156,sao paulo,SP
2ff97219cb8622eaf3cd89b7d9c09824,13320,salto,SP
2a1348e9addc1af5aaa619b1a3679d6b,30494,belo horizonte,MG
116ccb1a1604bc88e4d234a8c23f33de,9850,sao bernardo do campo,SP
430315b7bb4b6e4b3c978f9dfa9b0558,4857,sao paulo,SP
d9a84e1403de8da0c3aa531d6d108ba6,3562,sao paulo,SP
9c690ceacd5c66731bf443ea810195cb,37650,camanducaia,MG
5c030029b5916fed0986310385ec9009,88075,sao jose,SC
ef990a83bbea832f36ebe81376335aa8,89214,joinville,SC
7d294cf9a6a69dc6a0c3e540fff0e039,88390,barra velha,SC
c89cf7c468a48af70aada384e722f9e2,25730,petropolis,RJ
13c2ed7698b3ca92dad49e849219da59,84010,ponta grossa,PR
55f7a3319d80f7fdf078b8f03e6725fe,6056,osasco,SP
b90e891671cffd9557f33a97dc523645,83010,sao jose dos pinhais,PR
a416b6a846a11724393025641d4edd5e,3702,sao paulo,SP
ef506c96320abeedfb894c34db06f478,3569,sao paulo,SP
a13aaf2d2886ab9fb30fb9a920160b8f,89207,joinville,SC
7299e27ed73d2ad986de7f7c77d919fa,38440,araguari,MG
b2479f944e1b90cf8a5de1bbfde284d6,14940,ibitinga,SP
d650b663c3b5f6fb392b6326366efa9a,6713,cotia,SP
abe42c5d03695b4257b5c6cbf4e6784e,21235,rio de janeiro,RJ
1996942dc085d7773ba77a529b163cd0,14850,pradopolis,SP
cda598c48d7c614bc1cad7d8ff6f0010,15137,mirassol,SP
709e16e2b25c7474d980076c6bfc4806,16200,birigui,SP
512d298ac2a96d1931b6bd30aa21f61d,20060,rio de janeiro,RJ
1d4587203296c8f4ad134dc286fa6db0,5101,sao paulo,SP
7b07b3c7487f0ea825fc6df75abd658b,2016,sao paulo,SP
ba6b4a237f92479743cf0ca06b67a9ac,23550,rio de janeiro,RJ
ea00f977a203ff88adf7057cb7806998,11085,santos,SP
70c0fda4c313d87115644d39e62eec60,55004,caruaru,PE
26e13b6ff5b641b329e5524241ee2c93,14401,franca,SP
b18dc380845b24038cfc48006478f099,9951,diadema,SP
f22a247b79dd22ecd91dc8e3b2a1b07c,8573,itaquaquecetuba,SP
ffc470761de7d0232558ba5e786e57b7,7091,guarulhos,SP
4c498c7345e89aebad651544829beca0,6341,carapicuiba,SP
7b98de631987e26dd6d803490c43a13c,87900,loanda,PR
a64e44665225d19dfc0277eeeaaccc57,19400,sao paulo,SP
229c3efbfb0ea2058de4ccdfbc3d784a,30190,belo horizonte,MG
9523fb39dd240aa958e040f8183d64f3,1541,sao paulo,SP
aaed1309374718fdd995ee4c58c9dfcd,89120,timbo,SC
9e6229250fedbe05838fef417b74e7fb,16800,mirandopolis,SP
caa9bc43a9fe8cf9c564ddd8a03cc4a6,12308,jacarei,SP
3f995f07c49d0d55a99d5c54957f7d81,6853,itapecerica da serra,SP
3db66a856d18a9cba7c9241fc5221c50,35430,ponte nova,MG
14a08204d03bb6b6bde8029f801ae0eb,1026,sao paulo,SP
d6b1ce66b035a475f00c017792ff9769,13327,salto,SP
ececbfcff9804a2d6b40f589df8eef2b,14407,franca,SP
a254c682cc01e119f83530446f1df9a9,16500,cafelandia,SP
7d13fca15225358621be4086e1eb0964,14050,ribeirao preto,SP
b92e3c8f9738272ff7c59e111e108d7c,36502,uba,MG
71593c7413973a1e160057b80d4958f6,3407,sao paulo / sao paulo,SP
6c6e3d67f969468f3bfd33f827a31222,87035,maringa,PR
4917cee8d902e13428c3ec4b1ca6f315,89031,blumenau,SC
741f8c587cb4248ebc5b779a0e8e0e51,9110,santo andre,SP
ac9b01377919cdbd2a1bbb8d5837c70b,8773,mogi das cruzes,SP
fac1a9017ade7bdc94058fc1c969f355,1126,sao paulo,SP
a3e9a2c700480d9bb01fba070ba80a0e,14940,ibitinga,SP
c3f5668699a1b04c0fa61ecea1e2bff6,86808,apucarana,PR
516e7738bd8f735ac19a010ee5450d8d,22230,rio de janeiro,RJ
9f505651f4a6abe901a56cdc21508025,4102,sao paulo,SP
a3a38f4affed601eb87a97788c949667,89204,joinville,SC
9b013e03b2ab786505a1d3b5c0756754,11450,vicente de carvalho,SP
8b9d6eec4a7eb7d0f9d579ce0b38324d,26562,mesquita,RJ
83deb69e889cf80f82be1dc6d5f2d486,88056,florianopolis,SC
2e7ea2aafec5835e781b21d6d1faf1f1,2820,sao paulo,SP
79ebd9a61bac3eaf882805ed4ecfa12a,85802,cascavel,PR
5f3ae9136c875522250f8184f253413a,1550,sao paulo,SP
9dd459b29a14bf89d47183cf2cd0e4c7,4716,sao paulo,SP
e53d5b9b29d1218281f4a907ada18626,85903,toledo,PR
cbd996ad3c1b7dc71fd0e5f5df9087e2,15081,sao jose do rio preto,SP
e067ad2c1c0b48758eb1b5228bcf7a68,11045,santos,SP
f1fd5ab1181f827ffad998c1a5de7d74,80010,curitiba,PR
3c010235b7345c92f125d14ee232a76b,83800,mandirituba,PR
5f2684dab12e59f83bef73ae57724e45,5125,sao paulo,SP
f97e2b0650c2068227e1d366140eb62f,13830,santo antonio de posse,SP
8b321bb669392f5163d04c59e235e066,1212,sao paulo,SP
76d64c4aca3a7baf218bf93ef7fa768d,80215,curitiba,PR
aced59e9b31ef866a94f9e7f29d8d418,3306,sao paulo,SP
b4f8921fcc4ff77b66bea6dda43dcd51,95034,caxias do sul,RS
5194c22ed1f616ec0c0f33c571542879,37540,santa rita do sapucai,MG
671585f5a2af58b6e276bc01003c0d2b,80510,curitiba,PR
5587130f9850696ed7fafbc91c2cee44,4311,sao paulo,SP
cab85505710c7cb9b720bceb52b01cee,2252,sao paulo,SP
9a03a4e9eb0b947652fae4f6121a3f5e,15805,catanduva,SP
3df020b72d3d44b3af9d110fa3940b65,15704,jales,SP
537eb890efff034a88679788b647c564,20270,rio de janeiro,RJ
89de2d6f23e9746ff309705b23581faa,86060,londrina,PR
0d33a55da925bbf1ff02af5f6059fc7f,5632,sao paulo,SP
cea729054f157f5870bdd321a958d994,3161,sao paulo,SP
955fee9216a65b617aa5c0531780ce60,4782,sao paulo,SP
6e386f64c84e482f0b9abf960797ee1b,1539,sao paulo,SP
6a53b90c3ad9e0b56d9fe5c69165fff5,82220,curitiba,PR
039b29ff3b3473435d0cd59040575de9,9443,ribeirao pires,SP
7d7866a99a8656a42c7ff6352a433410,1320,sao paulo,SP
1fe5540d7c1c37a595fefbacd5570d9e,25850,paraiba do sul,RJ
0176f73cc1195f367f7b32db1e5b3aa8,14940,ibitinga,SP
ceaec5548eefc6e23e6607c5435102e7,3821,sao paulo,SP
2d42ebcda99fd55f6f4bc2f1ca035d50,76400,uruacu,GO
e9bc59e7b60fc3063eb2290deda4cced,87083,maringa,PR
6f229cc508fc6915ed5c499efd93baa4,21931,rio de janeiro,RJ
c8c1bea22194a4eefa2dc9a9fa89f536,88210,porto belo,SC
b0b346d3a89f5eb4c2968af3f083cd43,13105,campinas,SP
fa1a9dec3a9940c072684a46728bf1fc,88820,icara,SC
6ddc28b61be28373b4503a1f61cf98a9,3543,sao paulo,SP
c5ebe6598748b0aeaa61cfb820478b92,95910,lajeado,RS
b6d44737c043328708f6749c2dbe50bd,9230,santo andre,SP
972d0f9cf61b499a4812cf0bfa3ad3c4,88359,brusque,SC
5b2e94f2c22b39ccc24d34ad0f669672,1214,sao paulo,SP
8476243f92442881ddd5b578975cf115,93700,campo bom,RS
f326006815956455b2859abd58fe7e39,15601,fernandopolis,SP
dc64d75cc406bb0697be983831430e60,31560,belo horizonte,MG
1f50f920176fa81dab994f9023523100,15025,sao jose do rio preto,SP
26b482dccfa29bd2e40703ba45523702,13450,santa barbara d´oeste,SP
3d0cd21d41671c46f82cd11176bf7277,89217,joinville,SC
f7ba60f8c3f99e7ee4042fdef03b70c4,9628,sao bernardo do campo,SP
c5f7e746b7e6d07def6c0dae9903279b,81350,curitiba,PR
5bc24d989e71e93c33e50a7782431b0e,37165,campo do meio,MG
36f98ad67cc981f50ce8aed093d5783c,85904,toledo,PR
6eb94e1466490d327a09abf8f3552a50,13219,jundiai,SP
c4fabeea6e569d42d02993bb1f4f1cbc,60741,fortaleza,CE
5236605f4d4b0b3e4df85b850393fca0,3311,sao paulo,SP
6a38087bc8ad4f89ff453561005f6dea,75123,anapolis,GO
f45122a9ab94eb4f3f8953578bc0c560,13419,piracicaba,SP
7901646fdd36a55f564ffaf2dbccaaf7,20021,rio de janeiro,RJ
ea846a0e7ad98a741783e886d89dfa44,16072,aracatuba,SP
1554a68530182680ad5c8b042c3ab563,37580,monte siao,MG
ef0ace09169ac090589d85746e3e036f,24451,sao goncalo,RJ
a21c11ec5c3f03e7cc9f9203bff9e1c6,6513,santana de parnaiba,SP
87142160b41353c4e5fca2360caf6f92,90230,porto alegre,RS
289cdb325fb7e7f891c38608bf9e0962,31570,belo horizonte,SP
9d681c7e12db302cb261e721040dde65,80330,curitiba,PR
fa1c13f2614d7b5c4749cbc52fecda94,13170,sumare,SP
fbc14c0cf93505ef89f64665ffa4a7b5,14150,serrana,SP
df47da4ae86fa4db890d05aaf24e21d8,4360,sao paulo,SP
34d1ca11b242c0fee2c834ae8d788566,36415,congonhas,MG
8a1ff5c35f6595a73fef4c7b96e4908a,83091,sao  jose dos pinhais,PR
d98eec89afa3380e14463da2aabaea72,90010,porto alegre,RS
87d3c3aeb3ead335511b3ce315eb341e,3059,sao paulo,SP
93b9a99027bd8bd6af682aff18dd19bf,7600,mairipora,SP
c3cfdc648177fdbbbb35635a37472c53,80610,curitiba,PR
c8cc60ffd415254af5d9b9f34f32c369,18053,sorocaba,SP
1ce3ae5a399804d1a87e706f8a813c3e,88715,jaguaruna,SC
5f26c1408a65b42a7224cd463bdf3292,86707,arapongas,PR
2138ccb85b11a4ec1e37afbd1c8eda1f,8250,sao paulo,SP
f46490624488d3ff7ce78613913a7711,7194,guarulhos,SP
e8b4225284fbb02d16f200513f1f395d,14960,novo horizonte,SP
f61c63d13f7cd800549d5acdd390ae72,18185,pilar do sul,SP
7994b065a7ffb14e71c6312cf87b9de2,29142,cariacica / es,ES
4125d9385a25e82d2f72d3a0fd55bc3f,11065,santos,SP
c8b0e2b0a7095e5d8219575d5e7e1181,8598,itaquaquecetuba,SP
391fc6631aebcf3004804e51b40bcf1e,14940,ibitinga,SP
e59aa562b9f8076dd550fcddf0e73491,82810,curitiba,PR
e84ad2127668df3aafc6b73531a0beb8,4613,sao paulo,SP
e9779976487b77c6d4ac45f75ec7afe9,11701,praia grande,SP
6b90f847357d8981edd79a1eb1bf0acb,7152,guarulhos,SP
73a63f72308aa20a46f4b1632018f196,82510,curitiba,PR
f62d7bb4a613ec758a03342d46b580b2,36570,vicosa,MG
845e8036c3f7bf62099352f5ed910240,21041,rio de janeiro,RJ
8a432f4e5b471f8da497d7dc517666e2,19042,presidente prudente,SP
20a8b0dc55da94fe74d112082427c84f,13312,itu,SP
1b4b28463457a256e9a784ebe2a8f630,13418,piracicaba,SP
7ade73f1b9b4e965f9009a4c3a7e2c15,17051,bauru,SP
9ed65337433adfbedefd23dd76eaa494,5462,sao paulo,SP
d9d43faf741ceaa8da52fdbb81d9e0e3,36010,juiz de fora,SP
1690cada046eb7e92c12f98b1f8a8167,1303,sao paulo,SP
42b729f859728f5079499127a9c2ef37,3910,sao paulo,SP
556a6409838156ea299c9d1f9e2dde43,81200,curitiba,PR
179d859f51292aac5c10806a356f7af9,9411,ribeirao pires,SP
6806dad1da97bfb5a9038eac6881f706,83280,guaratuba,PR
94231344608e603693b0a8891143f65d,91520,porto alegre,SP
9b76ad3d04236f76bc71c59470305e13,18550,boituva,SP
6edacfd9f9074789dad6d62ba7950b9c,7135,guarulhos,SP
52831e5990d0771cb4951d6f12928167,17600,tupa,SP
9e7c5f4d7770eab65738cca38f9efccf,2562,sao paulo,SP
4677a5437afda5fa7140b927b07be1cc,84920,japira,PR
8d956fec2e4337affcb520f56fd8cbfd,9780,sao bernardo do campo,SP
138dbe45fc62f1e244378131a6801526,2215,sao paulo,SP
5058e8c1e82653974541e83690655b4a,8583,itaquaquecetuba,SP
4d232b78ab7ef10393dc3807d827bc0d,30120,belo horizonte,MG
49067458c68f7701fd334ce326accbe0,36050,juiz de fora,MG
dfa0c4c6229ab200a4a1336b4d7128ff,88085,florianopolis,SC
2cb6eb1b7185064167657fa09f541105,34710,sabara,MG
54583ab379489add547fe47b628db589,9810,sao bernardo do campo,SP
0bebbb2cea103a4a020c95d43fd7d754,2515,sao paulo,SP
8a8835a43bda99fd37310ad76c457510,9540,sao caetano do sul,SP
ca3bd7cd9f149df75950150d010fe4a2,4361,sao paulo,SP
323ce52b5b81df2cd804b017b7f09aa7,3306,sao paulo,SP
70125af26c2d6d4ef401a1d02ae7701f,74435,goiania,GO
ba90964cff9b9e0e6f32b23b82465f7b,7140,guarulhos,SP
20d83f3ef0e6925fd74bfd59170babf7,2804,sao paulo,SP
32b8764b4ef628b53608fc34011fcc13,88504,lages,SC
2a261b5b644fa05f4f2700eb93544f2c,13660,porto ferreira,SP
f680f85bee2d253556ac91be391d2c82,6365,carapicuiba,SP
3785b653b1b82de85ab47dd139938091,85640,ampere,PR
d26aa40b90272d4843d63be7c1462c8d,3065,sao paulo,SP
bd697db56ff8e7c9cd1abeb7f72029b2,3533,sao paulo,SP
6560211a19b47992c3666cc44a7e94c0,5849,sao paulo,SP
596849622429351f47b32e6cae1055ff,8710,mogi das cruses,SP
0b90b6df587eb83608a64ea8b390cf07,87025,maringa,PR
3bb32fedaa74e4ad20f4ce067733bd31,88210,porto belo,SC
1927cdb9fa74f5270097f6250e8e8f34,17511,marilia,SP
679769a98cfcc6da877c8486ff1c13f3,35162,ipatinga,MG
67883baaae6134ee81b271a542613728,1310,sao paulo,SP
05e107217c7266362fd44b75b2cd4cc4,5353,sao paulo - sp,SP
6c17baf138731a4aaacc3210adf2037b,14400,franca,SP
c1f12f926d0ba950578b4fa41115cbb6,4317,sao paulo,SP
8602a61d680a10a82cceeeda0d99ea3d,1001,sao paulo,SP
c3acdfac4e3e97ff87529454fbc03642,5705,sao paulo,SP
fde0cc9ea29c8ccfc0a2c22256a58c71,81650,curitiba,PR
2646baaf662d4d92ac48f047e35db92d,3303,sao paulo,SP
7c9130f5f3729edd32aa059141d92484,17400,garca,SP
33a17d60c64393351ebf1ef860f4e0f2,91510,porto alegre,RS
640e21a7d01df7614a3b4923e990d40c,14940,ibitinga,SP
d57e18d5f73c7ccb7f7339b61166898d,3613,sao paulo,SP
cbf09e831b0c11f6f23ffb51004db972,9726,sbc/sp,SP
4aba391bc3b88717ce08eb11e44937b2,45816,arraial d'ajuda (porto seguro),BA
715bbd5ba4e6b74cb0d2f29eb45058b0,13930,serra negra,SP
edc518ba25576a0188a0e8f2c3af186f,7023,guarulhos,SP
4c18691b6037662be2df78a765d98ab5,3167,sao paulo,SP
95f83f51203c626648c875dd41874c7f,37564,borda da mata,MG
6b243f80ed07b10f0e8aa0f21a205f3c,81825,curitiba,PR
08f5819815f3d06545011850bd70f0a8,11075,santos,SP
b32be1695eb7ec5f10f72d9610a12527,95012,caxias do sul,RS
53243585a1d6dc2643021fd1853d8905,42738,lauro de freitas,BA
dee656f0f566ed1aa85bd137c943f08f,12701,cruzeiro,SP
d673a59aac7a70d8b01e6902bf090a11,14940,ibitinga,SP
966cb4760537b1404caedd472cc610a5,9920,diadema,SP
9aa388272ee334b6ae07bc73706e254a,36886,muriae,MG
ed4311e67debd72b8610a5347a743087,7170,guarulhos,SP
f52c2422904463fdd7741f99045fecb6,9230,santo andre/sao paulo,SP
eaaa46e98c9e61f6764dd1d7a2ab8b3e,59775,messias targino,RN
5b664594895aefb418afaee6d40a9a23,25750,petropolis,RJ
bf00385a5f7fc1ef39a13c2e9ee50a5f,1224,sao paulo,SP
28405831a29823802aa22c084cfd0649,3644,sao paulo,SP
a67780aba9dd436e7ac0aa1f889e73ec,19027,presidente prudente,SP
001e6ad469a905060d959994f1b41e4f,24754,sao goncalo,RJ
59b22a78efb79a4797979612b885db36,38414,uberlandia,MG
ea8482cd71df3c1969d7b9473ff13abc,4160,sao paulo,SP
3d4824f20035949c710eaf111f869d39,18015,sorocaba,SP
5b925e1d006e9476d738aa200751b73b,4567,sao paulo,SP
fe2032dab1a61af8794248c8196565c9,13030,campinas,SP
c004e5ea15737026cecaee0447e00b75,2035,sao paulo,SP
cd6efc47efaabf134f8bdb654e10b4f1,23050,rio de janeiro,RJ
4e17c65a516f69d023a2ae78b84f28d6,8673,suzano,SP
a8739afb32aaa45e01815ca76f76f54b,9850,sao bernardo do campo,SP
d4828feed4cda2cd9d6b37899a95a71e,63020,juzeiro do norte,CE
18a349e75d307f4b4cc646a691ed4216,1319,sao paulo,SP
12b9676b00f60f3b700e83af21824c0e,95780,montenegro,RS
ef2fbc2b607d8492bcffe657a4645434,20051,rio de janeiro,RJ
4091f77d8c768fc3e81c20761471761d,3059,sao paulo,SP
612170e34b97004b3ba37eae81836b4c,93542,novo hamburgo,RS
2a84855fd20af891be03bc5924d2b453,30111,belo horizonte,MG
cf2384dd2f1dddea3f838efed0945e65,13930,serra negra,SP
4b9750c8ad28220fe6702d4ecb7c898f,13484,limeira,SP
271c58a1d139c45eaf3316107c6d3a3b,3632,sao paulo,SP
9f50216bfd01913736a55a11b55ea842,12020,taubate,SP
aafe36600ce604f205b86b5084d3d767,88115,sao jose,SC
efff9341f3f8f5237b44ff67ed36a7bf,29090,vitoria,ES
5b07547f10dd980738a1a27f685af669,7013,guarulhos,SP
7357b52d27cbaa90f81a96cbc1279396,33400,lagoa santa,MG
31be790e64fc99f8ff48ec2bd18a3104,9690,sao bernardo do campo,SP
609e1a9a6c2539919b8205cf7c4e6ff0,88359,brusque,SC
6061155addc1e54b4cfb51c1c2a32ad8,13043,campinas,SP
52a50b42accf164f9f019941e5759d9b,13820,monte alegre do sul,SP
c6bda72e4dbf5c5866b13cb1810c6d03,3087,sao paulo,SP
cd06602b43d8800bd0afad514919d35c,4119,sao paulo,SP
9baf5cb77970f539089d09a38bcec5c3,13330,indaiatuba,SP
f4a04f7be452aa3bb31760bf00055dd0,9010,santo andre,SP
dbc22125167c298ef99da25668e1011f,37564,borda da mata,MG
bc302730ea8cf49b5c74f579febb5bbf,13015,campinas,SP
56e361f411e38dcef17cdc2a3d99628b,7113,guarulhos,SP
048c2757535328e0d7dac690ad3c0aae,14406,franca,SP
951e8cef368f09bb3f3d03c00ca4702c,14940,ibitinga,SP
d91fb3b7d041e83b64a00a3edfb37e4f,11704,praia grande,SP
3d5d0dc7073a299e31fa718ce1bc00b6,22785,rio de janeiro,RJ
688756f717c462a206ad854c5027a64a,7094,guarulhos,SP
9b00ed88b7fdb95d6ff76e27c1b52d16,8215,sao paulo,SP
4be6b962d83299498bae2190f95d6566,13561,sao carlos,SP
c864036feaab8c1659f65ea4faebe1da,83605,campo largo,PR
8d899e15a5925f097cca50faa49b15e3,18131,sao roque,SP
ba143b05f0110f0dc71ad71b4466ce92,2274,sao paulo,SP
c522be04e020c1e7b79f3acff36513d5,6501,santana de parnaiba,SP
bca9230d3bbb4efa51872bf605a2f1ad,4296,sao paulo,SP
8b2d4ab22f42c5cfc338b846decfda60,83820,fazenda rio grande,PR
d9bd94811c3338dceb4181f3dbc0c73e,4186,sao paulo,SP
e70053bf73d1b5863932e53a9fa47496,5059,sao paulo,SP
7c67e1448b00f6e969d365cea6b010ab,8577,itaquaquecetuba,SP
66dc1b1632bd6a3e508510c5b3492107,17210,jau,SP
01fdefa7697d26ad920e9e0346d4bd1b,86050,londrina,PR
466222e777149751370e7e98fb623b0c,20931,rio de janeiro,RJ
257e61d3251fb5efb9daadddbc2cf7ca,86804,apucarana,PR
5d76d80a2f5f39c891b996a1bf4c9853,5727,sao paulo,SP
c26a2be5b53b7db6b276280da212a779,28630,nova friburgo,RJ
c60b801f2d52c7f7f91de00870882a75,7174,guarulhos,SP
eeb6de78f79159600292e314a77cbd18,88501,lages,SC
f049a72cf58fd31b11f8919cade515e7,1023,sao paulo,SP
e51f22821f0c12a16ad5c020cdcd55e9,6341,carapicuiba,SP
19484c79cef6c062cb177aa4ef2fcc3c,13275,valinhos,SP
9dda5bbacd45e18d6485fee649205d09,37540,santa rita do sapucai,MG
062c325cd6a2b87845fab56b4ec2eeae,8150,sao paulo,SP
9596c870880d900012f2e8e6e30d06d7,37074,varginha,MG
a56a8043ebf66e42119618fb8cf232c6,89219,joinville,SC
980640c45d7a4635885491d077167e4d,13501,rio claro,SP
de0c78824586e9a5f5f04fd84e25df39,6730,vargem grande paulista,SP
128639473a139ac0f3e5f5ade55873a5,87050,maringa,PR
7a241947449cc45dbfda4f9d0798d9d0,37590,jacutinga,MG
cfd7ddab722b902f7ac5b5f3ba6d723d,32372,contagem,MG
7e1fb0a3ebfb01ffb3a7dae98bf3238d,14403,franca,SP
90b36c5aeb728d5504a39f435bef0c5f,13835,conchal,SP
33dd941c27854f7625b968cc6195a552,29107,vila velha,ES
f205b1a3ca9a34e0f8a228bae6e4c7b3,94965,cachoeirinha,RS
d2374cbcbb3ca4ab1086534108cc3ab7,14940,ibitinga,SP
70c27847eca8195c983ed7e798c56743,20930,rio de janeiro,RJ
05d2173d43ea568aa0540eba70d2ca76,37135,alfenas,MG
6824a69c9ea0313eba299dd4a2dba09a,35570,formiga,MG
218f991754f360af9c2daa5e0b8e990c,1123,sao paulo,SP
0dd184061fb0eaa7ca37932c68ab91c5,7031,guarulhos,SP
60562ab00b8054280520d390c8c0045c,4809,sao paulo,SP
559d56f3b8f0bc2e5a9a62fe2ce2a39f,89220,joinville,SC
777a0c55737f34ffeb78010f7542ab41,1541,sao paulo,SP
0bae85eb84b9fb3bd773911e89288d54,88301,itajai,SP
df91910b6a03bb2e3358fa6a35e32f6f,9560,sao paulo,SP
dbdd0ec73a4817971d962698f2fea022,60710,fortaleza,CE
6e1862e15f33d9994bc25922a85e1efc,13505,rio claro,SP
08633c14ef2db992c11f840f04fad4cd,9416,ribeirao pires,SP
70bf57d811208f8923b41bbd499a67a4,7866,franco da rocha,SP
17ca9b9e9b9ef8fdb529001b49ebb50f,32677,betim,MG
acce39e832338debb07b02385cde5967,32110,contagem,MG
397c4d0c005b6f41f90098ac724e28cb,9182,santo andre,SP
b2c97074649f92197d9387d9033dda5f,18604,botucatu,SP
f262cbc1c910c83959f849465454ddd3,3564,sao paulo,SP
cf1313c6e2c01c2f4b014f97db4bcd2b,22050,rio de janeiro \rio de janeiro,RJ
daf565f087a52def0fd5c5825b3661bc,88350,brusque,SC
e9511df20ccd82658a30c37b7fb343af,17026,bauru,SP
888faa8bfb0b159c37de6d898b961c31,88750,braco do norte,SC
6c12e40690c335dbc2f68a4134d30dc1,84178,castro,PR
65febd49fd28ec955651299159b1f527,3275,sao paulo,SP
d0d70d21e2234dd7cd3cf63fe414148a,58865,sao bento,PB
06e5eefc71ec47ae763c5c6f8db7064f,91350,porto alegre,RS
ff1fb4c404b2efe68b03350a8dc24122,8710,mogi das cruzes,SP
9b1585752613ec342d03bbab9997ec48,22745,rio de janeiro,RJ
6860153b69cc696d5dcfe1cdaaafcf62,13360,capivari,SP
903037660cf848a717166eb7a06d616e,5734,sao paulo,SP
066a6914e1ebf3ea95a216c73a986b91,85863,foz do iguacu,PR
6d66611d7c44cc30ce351abc49a68421,4378,sao paulo,SP
3d8fa2f5b647373c8620330c4e077a9f,3031,sao paulo,SP
76d5af76d0271110f9af36c92573f765,3194,sao paulo,SP
762fafdaa57a532ee0119731697579dd,13311,itu,SP
b19f3ca2ea475913750f25a5c37c8d8f,35501,divinopolis,MG
cc419e0650a3c5ba77189a1882b7556a,9015,santo andre,SP
7f152321c60a266edc53af1925ef96c1,88801,criciuma,SC
7d7d2b7a51328016102d4528c411d630,14940,ibitinga,SP
3f3486b61f45078d4f31ee5e43d8c5bb,3035,sao paulo,SP
a06c8ff043abea0528ee44171e2140a2,35501,divinopolis,MG
6b3bd31ad8fcda4b2635ec9f3ff2ecdf,22775,rio de janeiro,RJ
977f9f63dd360c2a32ece2f93ad6d306,14910,tabatinga,SP
ce248b21cb2adc36282ede306b7660e5,89251,jaragua do sul,SC
5b0cc932433fa5184b5b94bfe6bcc256,14940,ibitinga,SP
7ff588a03c2aeae4fbd23f9ae64b760d,7183,guarulhos,SP
7ad32824caee82087b3e2e5f33b1bf32,14940,ibitinga,SP
de722cd6dad950a92b7d4f82673f8833,51250,recife,PE
45ba18c210d42734ec52c0c1c574e9ee,18130,sao roque,SP
f44bdc12aa39f5271f0b95f66cd4c289,12914,braganca paulista,SP
968268a686aa05d1f529fb07dff08130,1530,sao paulo,SP
6039e27294dc75811c0d8a39069f52c0,6162,osasco,SP
3492e68f37fd1df87f4f2f2ea247f445,13322,salto,SP
05ff92fedb5be47920fea08e501238b9,98803,santo angelo,RS
aeb36d67f1414f234d42a29e27cf1f17,9060,santo andre,SP
53d00c40e32aeb924a84ce72b1af869d,14940,ibitinga,SP
f0b47fbbc6dee9aafe415a6e33051b3f,9360,maua,SP
1127b7f2594683f2510f1c2c834a486b,13087,campinas,SP
79ed755314cfe6df0daef2c6cd3022cd,13503,rio claro,SP
2c9e548be18521d1c43cde1c582c6de8,8752,mogi das cruzes,SP
bc47d5d1490df2b36add65d733eafaba,9163,santo andre,SP
c31eff8334d6b3047ed34bebd4d62c36,13322,salto,SP
a45314082d50d578a4721c9787ce09ab,15130,mirassol,SP
b410bdd36d5db7a65dcd42b7ead933b8,74645,goiania,GO
31344c16881c08a8a72c6d2eb29918c1,36500,uba,MG
fcb5ace8bcc92f75707dc0f01a27d269,7032,guarulhos,SP
7681ef142fd2c19048da7430856b5588,7074,guarulhos,SP
02b72cdeb9cfcc429f1af6f4e3f3b737,14940,ibitinga,SP
af3ef48d0e13835e529c29ac573c63e5,14802,araraquara,SP
77e4abfd739aed9c46480f90f81c0eb4,70767,brasilia,DF
1c68394e931a64f90ea236c5ea590300,87114,sarandi,PR
7a425d299613df3e613bcf9d2eaf5c49,22790,rio de janeiro,RJ
112453736dbe3889cfb74e1aaa0ba0c1,3520,sao paulo,SP
77530e9772f57a62c906e1c21538ab82,80310,curitiba,PR
297d5eccd19fa9a83b2630071ff105e4,80710,curitiba,PR
6a8b085f816a1f75f92dbac6eb545f8f,14709,bebedouro,SP
582d4f8675b945722eda7c0cb61ba4c7,11250,bertioga,SP
02d35243ea2e497335cd0f076b45675d,59077,natal,RN
1c129092bf23f28a5930387c980c0dfc,2972,sao paulo,SP
2d9e8987a2ea5cf88dce330249043ff1,15155,jaci,SP
fdf736c18c589ed030e058312203e1b2,37704,pocos de caldas,MG
8090490573c6c0aa343a7231ebcb8c86,4130,sao paulo - sp,SP
26d6bbee02420494d471c9f6436929c0,81530,curitiba,PR
602044f2c16190c2c6e45eb35c2e21cb,14940,ibitinga,SP
b499c00f28f4b7069ff6550af8c1348a,13481,limeira,SP
fad44952713764836814be105382aee5,21340,rio de janeiro,RJ
624f4ece8da4aafb77699233d480f8ef,5138,sao paulo,SP
95e03ca3d4146e4011985981aeb959b9,21210,rio de janeiro,RJ
08d0949a9a17c027262db1f3c450c26c,85804,cascavel,PR
11fb6f6d341adbe19e81733701704635,4133,sao paulo,SP
04843805947f0fc584fc1969b6e50fe7,93900,ivoti,RS
381c83fdca332ea6afd896da20bf6e4a,80010,curitiba,PR
6fd52c528dcb38be2eea044946b811f8,8180,sao paulo,SP
189ca3538ce9f920cacf0f982cbe223b,3589,sao paulo,SP
f7720c4fa8e3aba4546301ab80ea1f1b,81350,curitiba,PR
02f623a8eb246f3c5f7c2f96462654e6,18611,botucatu,SP
56db5c0782e8f7ddc9343f9576ff6d16,88132,palhoca,SC
4e06067cc08b3f41d837768d392c3ee3,32604,betim,MG
34f563c82a85b99ae9e6d60db5fc2e28,93700,campo bom,RS
5d0363b33554b373851fc1622e4d5f3c,12952,atibaia,SP
88cf19ec1fc2c58f161aee259d57142c,13570,sao carlos,SP
c679fb69a36e1d8349e8c50a217b4d58,95020,caxias do sul,RS
17a053fcb14bd219540cbde0df490be0,13843,mogi guacu,SP
d79e8478eed9999493990b44955fb22e,20081,rio de janeiro / rio de janeiro,RJ
e439f7176d763f92de325271111b2fd5,89219,joinville,SC
9140ef75cc8211c4035935e80e567204,87015,maringa,PR
cc5a78bbad32776dc4e3af205218368c,35501,divinopolis,MG
4e922959ae960d389249c378d1c939f5,12327,jacarei,SP
ca4b77513ac2040591b0d8fae6958380,9190,sando andre,SP
b8630e1121437d41cb08e3c749c2c2e2,25070,duque de caxias,RJ
cfe94489ddd337d1e29e12f2a7205d10,3178,sao paulo,SP
0951a6e282947e09cd47969f4ed0b47f,6763,taboao da serra,SP
c33847515fa6305ce6feb1e818569f13,88359,brusque,SC
ade45994b717ccee333492330fbf037b,87505,umuarama,PR
7b7ed56ae755e2880f2b69632e839c1e,74230,goiania,GO
ea566164622c6b439516ab18062c42cd,5303,sao  paulo,SP
821fb029fc6e495ca4f08a35d51e53a5,2030,sao paulo,SP
1a932caad4f9d804097d7f8e615baed1,2976,sao paulo,SP
6025c79c035c3d772133b8b8238463b2,83327,pinhais/pr,PR
c66dccfb3f109511246da627dd5a2498,11900,registro,SP
d921b68bf747894be13a97ae52b0f386,35570,formiga,MG
929f342384a6607afe143d789ade1316,86065,londrina,PR
8dfbc5ff27df12f6cef751d3b9554222,80220,curitiba,PR
2528513dd95219a6013d4d05176e391a,6060,osasco,SP
921323538c9f1c4e816f2720eac02bea,1319,sao paulo,SP
4b0fdb526525f9890eb145bf1534640e,14940,ibitinga,SP
1cd9e0cc1839d55516843def5600816d,3951,sao paulo,SP
7fc87cc3e89b3d1d5cabdca32f8485aa,7123,guarulhos,SP
acb6c2ca5c82411c1fdb88d5fd5eb95e,3423,sao paulo,SP
60da8bfa7eebe230b7d66ac4082d79b3,15940,fernando prestes,SP
2379bdc3888025689a9deb7b141507d5,13806,mogi mirim,SP
834f8533b2ecb6598dd004ff3de7203a,5181,sao paulo,SP
f7315bb81aea4ddca2d39e249a801c98,7082,guarulhos,SP
5dc203c7b84a0e71e878a179de05fb9a,17580,pompeia,SP
440dd6ab244315c632130ecfb63827b1,15502,votuporanga,SP
f3c38ab652836d21de61fb8314b69182,1206,sao paulo,SP
16090f2ca825584b5a147ab24aa30c86,12940,atibaia,SP
b561927807645834b59ef0d16ba55a24,2955,sao paulo,SP
da6a60cc8cc724fe51be021ff8be779c,28941,sao pedro da aldeia,RJ
213b25e6f54661939f11710a6fddb871,13321,salto,SP
6b333a05bf188ef3e1f1662a86bd9855,72304,brasilia,DF
73b8eb4a9a729d4019b24ed1be748cbf,13070,campinas,SP
11742f81550ac064cc9a40f67151d9ad,15810,catanduva,SP
643214e62b870443ccbe55ab29a4dccf,2134,sao paulo,SP
ce27a3cc3c8cc1ea79d11e561e9bebb6,3006,sao paulo,SP
0241d4d5d36f10f80c644447315af0bd,80330,curitiba,PR
8e8a7ce9f2f970dc00e2acf6f6e199f6,24710,sao goncalo,RJ
3935fe5fe0f82787a9dcb8deb62be09d,4905,sao paulo,SP
729b2d09b2a0bdab221076327f13d050,17320,mineiros do tiete,SP
18e694e0e48ed6f7aa3f24aade5fd697,13224,varzea paulista,SP
30a81d8cf85fb2ada1b1b094c9583a95,3563,sao paulo,SP
3903c788ded8dc03b5ebab37a2f3e9a1,6332,carapicuiba,SP
d1b9d4be4b6f9ebd85f8acd6745ba612,34006,nova lima,MG
b494891378bd8f4560abe576c52deacd,4160,sao paulo,SP
09f952a5f58d2285b0372551ae8f9b01,9725,sao bernardo do campo,SP
14d7985702e72162bbf13b6beb74ab2b,9131,santo andre,SP
2dcf93836ae3ce0d7c93e2f10876467a,12240,sao jose dos campos,SP
d197aa8fbc64087f61984deef05f6227,12224,sao jose dos campos,SP
afa6714acee029b2dfdf357e5579cc03,13690,descalvado,SP
d13e50eaa47b4cbe9eb81465865d8cfc,9210,santo andre,SP
5c6d4016c2a288f074fa0848a2b653d2,1209,sao paulo,SP
da8622b14eb17ae2831f4ac5b9dab84a,13405,piracicaba,SP
710e3548e02bc1d2831dfc4f1b5b14d4,86600,rolandia,PR
3ab971ce71839580d2ae5b4e40fe8044,3210,sao paulo,SP
9d4db00d65d7760644ac0c14edb5fd86,18025,sorocaba,SP
a36b125ac6d5fdbc7f50de85c9157bdc,14020,ribeirao preto,SP
1336efc61c316ddf92c899eb817f7cae,19800,assis,SP
620c87c171fb2a6dd6e8bb4dec959fc6,25645,petropolis,RJ
070d165398b553f3b4b851c216b8a358,3916,sao paulo,SP
b64d51f0435e884e8de603b1655155ae,7077,garulhos,SP
4c8b8048e33af2bf94f2eb547746a916,14940,ibitinga,SP
88460e8ebdecbfecb5f9601833981930,87030,maringa,PR
7d76b645482be4a332374e8223836592,1511,sao paulo,SP
296729ffb9b684050dd24836dac4494a,80240,curitiba,SP
cac4c8e7b1ca6252d8f20b2fc1a2e4af,13347,indaiatuba,SP
cc63f0dd2acba93ffed4fe9f8e0321fa,15025,sao jose do rio preto,SP
b29d3380981c51df13fc6fbe87e1763d,14057,ribeirao preto,SP
8de8fe3af4449ed695d2434c933ed73e,1215,sao paulo,SP
01fd077212124329bac32490e8ef80d9,14079,ribeirao preto / sao paulo,SP
3d68c634a99a1ba46dbca3967a69c623,88270,nova trento,SC
8fbe2ee446b97e128471be4ce983dc0d,18103,sorocaba,SP
06a2c3af7b3aee5d69171b0e14f0ee87,65072,sao luis,MA
508808d438fe2ff972ed13bb8f4a82e2,3963,sao paulo,SP
39d61be7a92eb77b7da367bd4845bc0e,13420,sao paulo,SP
c510bc1718f0f2961eaa42a23330681a,13330,indaiatuba,SP
392353362d22cc2c236e1ee81ff19890,89069,blumenau,SC
2e1c9f22be269ef4643f826c9e650a52,4850,sao paulo,SP
d1c281d3ae149232351cd8c8cc885f0d,14940,ibitinga,SP
33c51922b6e3c16b24a8f28e5833c99d,86010,londrina,PR
f80edd2c5aaa505cc4b0a3b219abf4b8,3431,sao paulo,SP
562fc2f2c2863ab7e79a9e4388a58a14,13070,campinas,SP
7dc8c42cc750eeafea6c85712ffee9bf,5424,sao paulo,SP
960945e1a9535cbc0cd6ddd35fbe7ae8,8290,sao paulo,SP
5a8e7d5003a1f221f9e1d6e411de7c23,13076,campinas,SP
575df70bde3f9f2b30bf8d2e9910d725,15075,sao jose do rio preto,SP
5d3bb11474a06bdc23fb9e89f1164ee0,19804,assis,SP
ee2fbacc2fc3794e656cc4d933d59ce7,5061,sao paulo,SP
522620dcb18a6b31cd7bdf73665113a9,85801,cascavel,PR
e5c84227854980f1db19a58958c551d9,83823,fazenda rio grande,PR
ce7d1888639e6fb06b2749cbfdac1ff7,37443,baependi,MG
ff1e15b778c700abdd4d239b81ac466d,81260,curitiba,PR
85d9eb9ddc5d00ca9336a2219c97bb13,31255,belo horizonte,MG
a673821011d0cec28146ea42f5ab767f,3809,sao paulo,SP
4a5b36211b1f51bf7eaa5c10a57fa483,24445,sao goncalo,RJ
2e1a7d075abe038c1b2743005fe42ff1,3461,sao paulo,SP
11bfa66332777660bd0640ee84d47006,14085,ribeirao preto,SP
7d484ca289afaac6bf5fc6a1e96d2226,79104,campo grande,MS
141440cad9341e553f8401c574a2aa38,85200,pitanga,PR
ae7ab174effdead6c241e547e4ca13f0,86703,arapongas,PR
dc4a0fc896dc34b0d5bfec8438291c80,14940,ibitinga,SP
b9ca8e8baa5d4aa038394a700f63e69f,3001,sao paulo,SP
3968920b9aa752ab98f7d5888c9252f2,17056,bauru,SP
a6fe7de3d16f6149ffe280349a8535a0,14401,franca,SP
aac29b1b99776be73c3049939652091d,38408,uberlandia,MG
54a1852d1b8f10312c55e906355666ee,13456,santa barbara d'oeste,SP
c826c40d7b19f62a09e2d7c5e7295ee2,7133,guarulhos,SP
113e3a788b935f48aad63e1c41dac1bd,12570,aparecida,SP
985c92cc412091f8529c12d7f23d3fef,36300,sao joao del rei,MG
594f9aaa48e5bf431f011ddc5669b0d5,32185,contagem,MG
f7ccf836d21b2fb1de37564105216cc1,14940,ibitinga,SP
7e3f87d16fb353f408d467e74fbd8014,4809,sao paulo,SP
4830e40640734fc1c52cd21127c341d4,3573,sao paulo,SP
8bdd8e3fd58bafa48af76b2c5fd71974,1552,sao paulo,SP
cb5ff1b9715e99589f3e0c7a6afab9e3,87060,maringa,PR
b1a81260566c1bac3114a6d124413f27,99500,carazinho,RS
cca3071e3e9bb7d12640c9fbe2301306,14940,ibitinga,SP
788e857f317e53de488d393e65a80f45,8280,sao paulo,SP
7f7b8245c336066a1f9933c359f11d77,13800,mogi mirim,SP
8648b1e89e9b349e32d3741b30ec737e,12308,jacarei,SP
ebd2d60905fb58271facef5596b620d3,18683,lencois paulista,SP
530ec6109d11eaaf87999465c6afee01,85807,cascavel,PR
89f69225956f951295ca4c7fb1266553,27700,vassouras,RJ
6bb62a4912377c7bfe7cb17b406bc7e6,13215,jundiai,SP
402916f742e5c740cc751493d9cf5053,39740,guanhaes,MG
b39d7fe263ef469605dbb32608aee0af,14940,ibitinga,SP
36890be00bbfc1cdb9a4a38a6af05a69,6040,osasco,SP
f27e33c6d29b5138fa9967bcd445b6d5,4273,sao paulo,SP
1c40343cc5d18c2d8248ac2f3366de34,13482,limeira,SP
c9aafcd0621b2207c10e32c649cada4d,8011,sao paulo,SP
98dac6635aee4995d501a3972e047414,2030,sao paulo,SP
a1bea7061f61f6fdd9a85a6325ba1033,6311,carapicuiba / sao paulo,SP
606ce7768feac12c5e8bd58db8b08f0f,13084,campinas,SP
26d8a1c7c75d513045798992ead43aa2,86800,apucarana,PR
4305fe92735c8a43d154ff6dd2b8d927,35170,coronel fabriciano,MG
4f1f1c8666cdb6442f775c4e8caed465,30240,belo horizonte,MG
7dea6f73af847b42cc3985bd620f994d,85813,cascavel,PR
a0a14e50070f3225b3eabba5b85da517,81900,curitiba,PR
3be634553519fb6536a03e1358e9fdc7,8275,sao paulo,SP
ed46f1eb4a638113deb2a1137b5f22e9,89080,indaial,SC
04308b1ee57b6625f47df1d56f00eedf,88215,bombinhas,SC
457fe919b032a3f7dadba6fb92cf7855,13140,paulinia,SP
a2b5b6105ea5942300631d2e76f4ffe0,6283,osasco,SP
23d7c96d4a1160db1c726b248601b25a,13360,capivari,SP
e5475dcab1e07b63d7f6e902d8f5eda8,9921,diadema,SP
33a6f4b1e7cdc205511e76ba1b6e0186,7084,guarulhos,SP
7a67c85e85bb2ce8582c35f2203ad736,3426,sao paulo,SP
55029529919c0123526150bd26ca8f20,32280,contagem,MG
dc7192adf8ba09569261f4a8d576afe0,18401,itapeva,SP
0ea22c1cfbdc755f86b9b54b39c16043,35700,sete lagoas,MG
269c5fc9fcadee614364c3620c30a1f9,7140,guarulhos,SP
bbaff50f3b708fda865918715276cd87,12940,atibaia,SP
db2956745b3a8e9f3785c99f34b5d25e,11600,sao sebastiao,SP
fffd5413c0700ac820c7069d66d98c89,13908,amparo,SP
b5abf4f36adc043117b4fca82c22984c,72251,brasilia,DF
05730013efda596306417c3b09302475,88813,criciuma,SC
c35672b10ad50968f567ea3f4b91e877,26551,mesquita,RJ
edb1ef5e36e0c8cd84eb3c9b003e486d,25957,teresopolis,RJ
3c7c4a49ec3c6550809089c6a2ca9370,3804,sao paulo,SP
9646c3513289980f17226a2fc4720dbd,12215,sao jose dos campos,SP
36a968b544695394e4e9d7572688598f,11010,santos,SP
5f67c6082caacb26e431a7b17940cece,87083,maringa,PR
8160255418d5aaa7dbdc9f4c64ebda44,14940,ibitinga,SP
431050a06a317f2b38168dec3dcd2b46,2475,sao paulo,SP
40ec8ab6cdafbcc4f544da38c67da39a,85603,francisco beltrao,PR
bbad7e518d7af88a0897397ffdca1979,1512,sao paulo,SP
99a54764c341d5dc80b4a8fac4eba3fb,3273,sao paulo,SP
282f23a9769b2690c5dda22e316f9941,31573,belo horizonte,MG
b1fc4f64df5a0e8b6913ab38803c57a9,24440,sao goncalo,RJ
5def4c3732941a971cba8fdee992ede1,2113,sao paulo,SP
42ef3192a9ff87a22d1867b74b3ee205,9090,santo andre,SP
c003204e1ab016dfa150abc119207b24,7790,cajamar,SP
5656537e588803a555b8eb41f07a944b,72015,brasilia,DF
186cdd1b2df32caa72cfb410bba768d3,89295,rio negrinho,SC
82921991ff5b557b045605b8bbf08d49,1023,sao paulo,SP
e8a85b5f3df47be0984c55fd4064dbb4,71825,brasilia,DF
28f10b1c5e5abb9d4857745bede6147c,4250,sao paulo,SP
e1dc0754bada9ee4cfe9713f22f61292,25035,duque de caxias,RJ
39a5005f2605cbdb4f9ac14485cabfd1,14780,barretos,SP
3d871de0142ce09b7081e2b9d1733cb1,13232,campo limpo paulista,SP
58b98ccb79873e04eac4357cacc590d9,13043,campinas,SP
1bb2bdb95f4841f1bba2c0d2cd83d3c9,1257,sao paulo,SP
670c26e0f1bf8d0576271d5cfaec6d2b,87025,maringa,PR
240b9776d844d37535668549a396af32,24120,niteroi,RJ
a2e874074c877c5a05abae80ad6e488f,15070,sao jose do rio preto,SP
f5a590cf36251cf1162ea35bef76fe84,9720,sao bernardo do campo,SP
1e8b33f18b4f7598d87f5cbee2282cc2,2066,sao paulo,SP
59cea8e446d3834393058e7e0666b6fb,87050,maringa,PR
8c5e007d7bd5693fa1386ffefbc99f6c,13347,indaiatuba,SP
1da3aeb70d7989d1e6d9b0e887f97c23,4265,sao paulo,SP
53e4c6e0f4312d4d2107a8c9cddf45cd,13920,pedreira,SP
527801b552d0077ffd170872eb49683b,17400,garca,SP
7202e2ba20579a9bd1acb29e61fe71f6,14401,franca,SP
0509040ea3fe50071181bbc359eb7738,31710,belo horizonte,MG
62de60d81c55c29d76a6bce418b31cef,14940,ibitinga,SP
85ecf03781da592876b7844acc1b729f,3658,sao paulo,SP
5c853bb56f70f4d14218944bae111d7a,6715,cotia,SP
bc8c8d665ec4664d286be0d521722b19,4851,sao paulo,SP
bd4431c1a8dfa744b59e1e2a8bc99b9e,20761,rio de janeiro,RJ
83645b1645cdee8953ee54c29ceed564,85875,santa terezinha de itaipu,PR
5cf13accae3222c70a9cac40818ae839,38700,patos de minas,MG
249f0e9905a6e06ad6c6bea7547ab9f6,20950,rio de janeiro,RJ
8ae520247981aa06bc94abddf5f46d34,88370,navegantes,SC
ac3508719a1d8f5b7614b798f70af136,92030,canoas,RS
4a3ca9315b744ce9f8e9374361493884,14940,ibitinga,SP
6d988d6174a2c27441597174f8905515,87070,maringa,PR
0725b8c0f3f906e58f70cbe76b7c748c,7023,guarulhos,SP
634964b17796e64304cadf1ad3050fb7,21840,rio de janeiro,RJ
014d9a685fd57276679edd00e07089e5,87015,maringa,PR
bccf933e006e9b94a6184af782963e77,19806,assis,SP
12c2ed9cded6138cf0c75f525f565fc7,11709,praia grande,SP
218d46b86c1881d022bce9c68a7d4b15,14070,ribeirao preto,SP
dfc475d54e1b6dbeeb7d7d9bdaa63827,81460,curitiba,PR
44717f64ec2a457979cf83c429077666,98780,santa rosa,RS
81783131d2a97c8d44d406a4be81b5d9,18015,sorocaba,SP
5275ca25d0358ca73864e0ae41be1320,7024,guarulhos,SP
e58a5b390e28abc0b216cfb0e07d27d7,22640,rio de janeiro,RJ
52d76513f0c4d97f3b99570e2c94ee31,93348,novo hamburgo,RS
4992e76a42cb3aad7a7047e0d3d7e729,3334,sao paulo,SP
dd4d95ba2d15c071e6c695e2ef6ce169,29315,cachoeiro de itapemirim,ES
d25aa0aaacb370e912f8cf6efeba38b3,89108,massaranduba,SC
2953ce3a88f5e3c3b696d77fc9e4c8eb,4270,sao paulo,SP
82cb9f452fe8334df74b22d37824b431,95013,caxias do sul,RS
bd23da7354813347129d751591d1a6e2,3971,sao paulo,SP
412a4720f3e9431b4afa1476a1acddbe,13060,campinas,SP
7238a95bb63ef7e498389fb863b834a1,13487,limeira,SP
8f2ce03f928b567e3d56181ae20ae952,5141,pirituba,SP
900ba814c251a692506d7834c1218441,13328,salto,SP
35b96509602ec4b7da831b5cd73ff2c2,93040,sao leopoldo,RS
31561f325664a8a7aba4c8d0c3a9b3db,3287,sao paulo,SP
d23019c84ffae2d5ef2270367b8605fc,86073,londrina,PR
b586cd24c010a13916af621b0325fbba,89164,rio do sul,SC
2075d8cd4dd63ff12df0749a5866bb06,80010,curitiba,PR
4a1f694197d05fe70026b016a7316b41,13920,pedreira,SP
0873d9f8f36123f8d910f4760e788cfb,6465,barueri,SP
a44fb5a447105f8469bdf16bf9159f25,91920,porto alegre,RS
4869f7a5dfa277a7dca6462dcf3b52b2,14840,guariba,SP
1c5e4e49b9079480255b49d50aac1aa9,11030,santos,SP
ffa6adafb71b807dc13159e26431354c,86030,londrina,PR
080102cd0a76b09e0dcf55fcacc60e05,31140,belo horizonte,MG
5a6a02f419701fc8c605af71d4fc57a4,13465,americana,SP
94b9108d4b637ba65bb4f1e53cfcf8d8,7221,guarulhos,SP
b2ac621f0d0322434d04a12b078b9369,80220,curitiba,PR
71039d19d4303bf9054d69e9a9236699,3018,sao paulo,SP
4d6d651bd7684af3fffabd5f08d12e5a,17209,jau,SP
b76dba6c951ab00dc4edf0a1aa88037e,3237,sao paulo,SP
b4ffb71f0cb1b1c3d63fad021ecf93e1,3880,sao paulo,SP
165b1235e9e9942cb5fae67103576fb0,14020,ribeirao preto,SP
0417b067eeab773d2f7061a726dc477f,89288,sao bento do sul,SC
4a3ccda38b2129705f3fb522db62ca31,17504,marilia,SP
5b85809efd0d0e4dea1a9544e1280ed9,19020,presidente prudente,SP
e504a4e2efaa45cbff7e268a2c58c956,13520,sao pedro,SP
b248792ac0b60ec3f93d80af1b4fae47,9560,sao caetano do sul,SP
34056b8b55c1775a22af2331670a799c,16304,penapolis,SP
23c38debaffe4a25a30fdbd9b586a13f,18110,votorantim,SP
c9c7905cffc4ef9ff9f113554423e671,6871,itapecerica da serra,SP
00720abe85ba0859807595bbf045a33b,7070,guarulhos,SP
e5e33c0d8e7e002f398f5dc4cbbb338f,17032,bauru,SP
cd3d09fbe6e3e9ff0c0ac0c300e93ae7,13380,nova odessa,SP
57e632711dec9ec14ca7546769483e7e,88372,navegantes,SC
c1849d4d32d7a6cecd5aa471809d3135,9070,santo andre,SP
236585a4ddb5fea9fa40233e2249ed91,95088,caxias do sul,RS
5ef131ac72773e5b3f6c0d63cf424657,14075,ribeirao preto,SP
a5cba26a62b8b4d0145b68b841e62e7f,87303,campo mourao,PR
1025f0e2d44d7041d6cf58b6550e0bfa,3204,sao paulo,SP
c5f7feb04a6a1fb3596322bfc3cf1917,9571,sao caetano do sul,SP
891071be6ba827b591264c90c2ae8a63,3872,sao paulo,SP
01266d4c46afa519678d16a8b683d325,80250,curitiba,PR
6c99c983ce3b6ba0ab813e6790e81691,38400,uberlandia,MG
ea1776927851da2532aa70d6a32c095a,8223,sao paulo,SP
a1043bafd471dff536d0c462352beb48,37175,ilicinea,MG
6e4a902d1054e4e17aa6eab87fac1c75,18090,sorocaba,SP
92eb0f42c21942b6552362b9b114707d,3504,sao paulo,SP
f125f3a310c2e5f822d116147de1e474,3068,sao paulo,SP
725c32fa80c2faacc4fc88450d27314e,3320,sao paulo,SP
ce616e1913288884e7742faac9d981db,6711,cotia,SP
ea65d8b58316a6f2362f2a9e4b3e86ad,13030,campinas,SP
0a85ebe4e328db81ac9109781205e2f7,13205,jundiai,SP
52f9db5cfb423382a2fa5c9e39303202,19830,echapora,SP
53088c75f948b48a7ece173ac17f0c12,95840,triunfo,RS
0be8ff43f22e456b4e0371b2245e4d01,4461,sao paulo,SP
1835b56ce799e6a4dc4eddc053f04066,14940,ibitinga,SP
2e13c71026e1a39ba5cc1b86dcb679aa,2265,sao paulo,SP
382229d1e840115ffe3dbf5ff460e417,23092,rio de janeiro,RJ
262237171f48e85819065498cac80d7b,88352,brusque,SC
fd386aa7bed2af3c7035c65506c9b4a3,4208,sao paulo,SP
8b655f0855926bcb49f5835d38dfddf6,6192,osasco,SP
1b7e5006cb25dd23ce8686691013b121,2350,sao paulo,SP
7ecd59e5e20407131822c1a68ac59c1f,70719,brasilia,DF
c026ef0d72e9132d9fa112308090c8dc,20766,rio de janeiro,RJ
750303a20e9c56b2a6bc45cdce0b897d,74333,goiania,GO
f8db351d8c4c4c22c6835c19a46f01b0,13324,salto,SP
0743a0239d764b9a0f959a57d07e36ab,3138,sao paulo,SP
1838dd9b8977065acf51d95e0053ea7a,30882,belo horizonte,MG
455f46ef09a9e45667e2981df84b5cc2,18052,sorocaba,SP
3febca52652e7209509ccfe61cbde40e,8596,itaquaquecetuba,SP
d566c37fa119d5e66c4e9052e83ee4ea,4131,sao paulo,SP
e333046ce6517bd8bb510291d44f0130,18950,ipaussu,SP
5a425cc503b39b262a847fd6212bf53b,86010,londrina,PR
8185694b58b2ba6de20fd41ae608bbea,6764,tabao da serra,SP
17f51e7198701186712e53a39c564617,3908,sao paulo,SP
b67d6c666e8dce1d078c882825e12704,3641,sao paulo,SP
ead2bab70821ea148476ae9bc08548ac,31980,belo horizonte,MG
7210cd29727d674c00741e5e387b3ccd,3279,sao paulo,SP
70a12e78e608ac31179aea7f8422044b,12327,jacarei,SP
808d4348b916efa08e766ebad39f61eb,2336,sao paulo,SP
fb3cfbc8a86f5d7fbb4d36b8df63f60d,21825,rio de janeiro,RJ
2d2c62bef4c8ba0dd74e0e228e808539,14096,ribeirao preto,SP
8def3db7f272735afb2ecd03aeca09a7,28035,rio de janeiro,RJ
beadbee30901a7f61d031b6b686095ad,7097,guarulhos,SP
25cf099de44674fde97473224f9d59ab,6716,cotia,SP
7139dc5186aa238b006e066d8fbab2e4,13901,amparo,SP
d94a40fd42351c259927028d163af842,37443,baependi,MG
6bd503a8230299c9316fb0f726933927,75650,morrinhos,GO
0885aaf116795758dfeb5f1032487bcd,8541,ferraz de vasconcelos,SP
6288c69c4ce638e59925e59193f98b16,9010,santo andre,SP
dfc5fb7259bb2b599ca565e6e9448f0f,9780,sao bernardo do campo,SP
2d2322d842118867781fc737e96d59a1,5879,sao paulo,SP
7c4618c82226628831613e95e9c22f44,18136,sao roque,SP
06579cb253ecd5a3a12a9e6eb6bf8f47,4007,sao paulo - sp,SP
8ab42aa58097fd4668d60cc648225d5f,74150,goiania,GO
4978a02ea9c8be7a9b5480680f40334e,8215,sao paulo,SP
cb6c9f5888a7a090c75beaf615925792,29100,vila velha,ES
46dc3b2cc0980fb8ec44634e21d2718e,22240,rio de janeiro,RJ
165fc07beebdcb6190fba8a06db2a449,87015,maringa,PR
0691148aee60ca47977c187804f935ae,86010,londrina,PR
7040e82f899a04d1b434b795a43b4617,1026,sao paulo,SP
5415337f1863452476d42d9f14a16a61,30840,belo horizonte,MG
66922902710d126a0e7d26b0e3805106,31842,belo horizonte,MG
1900267e848ceeba8fa32d80c1a5f5a8,14940,ibitinga,SP
157c3e4b42f81ac4a44e8b1ca2fe9876,3211,sao paulo,SP
d5ba419e26d246a0719437cf37d9b46d,3437,sao paulo,SP
f789d2c4f2c2eb38fc4373e7a4b35264,36010,juiz de fora,MG
880eda903e719a5f179f7e9fceb3a69d,14610,ipua,SP
4a82168aaef173cbb6e46ae88728f919,84500,irati,PR
17e34d8224d27a541263c4c64b11a56b,14085,riberao preto,SP
fe1b067411b8c5066e962aa146ccee03,19020,presidente prudente,SP
e73bf2cea7fe4b0b4d287a7568ed1099,89812,chapeco,SC
06df0c10d34e459d9672bc77388742eb,87045,maringa,PR
daeb5653dd96c1b11860f72209795012,31310,belo horizonte,MG
228e4c1a0be164f613d41c24345f9d2c,86360,bandeirantes,PR
d66c11a9572221d92fbb8c4897db5f9b,20770,rio de janeiro,RJ
e2c92f9c1c7746d899d18f2e158bbff7,15054,sao jose do rio preto,SP
ea67327e24487bdfac5fbfa37ea124df,14940,ibitinga,SP
1d1bbb8ac1581824986f582583fff01d,89082,indaial,SC
c70c1b0d8ca86052f45a432a38b73958,13186,hortolandia,SP
9e6967d3cf386d284251784b18ccb485,9550,sao caetano do sul,SP
725af026f869236a8dd0ceb98564d156,35530,claudio,MG
7bac63f6603d382cc8d0832eb6c100a8,5713,sao paulo,SP
f8201cab383e484733266d1906e2fdfa,88137,palhoca,SC
